Date,Open,High,Low,Close,Adj Close,Volume,day,Asset_ID,Bit_price
23-05-2022,465.864014,468.174011,452.421997,457.334015,457.334015,21056800,Monday,1,455
24-05-2022,456.859985,456.859985,413.104004,424.440002,424.440002,34483200,Tuesday,2,500
25-05-2022,424.102997,427.834991,384.532013,394.79599,394.79599,37919700,Wednesday,3,1200
26-05-2022,394.673004,423.29599,389.882996,408.903992,408.903992,36863600,Thursday,4,1500
27-05-2022,408.084991,412.425995,393.181,398.821014,398.821014,26580100,Friday,5,923
28-05-2022,399.100006,406.915985,397.130005,402.152008,402.152008,24127600,Saturday,6,857
29-05-2022,455.2,406.915985,452.421997,457.334015,424.440002,21056800,Sunday,7,900
30-05-2022,566.6,406.915985,452.421997,457.334015,424.440002,21056800,Monday,8,954
31-05-2022,900.2,406.915985,452.421997,457.334015,424.440002,21056800,Tuesday,9,987
01-06-2022,1000.2,478.816,452.421997,457.334015,424.440002,21056800,Wednesday,10,857
02-06-2022,452.3,478.816,452.421997,457.334015,424.440002,34483200,Thursday,11,687
03-06-2022,389.8,478.816,452.421997,457.334015,424.440002,34483200,Friday,12,857
04-06-2022,455.7,478.816,452.421997,457.334015,424.440002,34483200,Saturday,13,826
05-06-2022,344.6,478.816,452.421997,457.334015,424.440002,34483200,Sunday,14,854
06-06-2022,400.23,500.47,455.25,512.04,481.2,44785421,monday,15,900
